{"class_map": {"valid": [{"map95": 0.9210728105284195, "map50": 0.9719177068740261, "class": "all"}]}}