{"class_map": {"valid": [{"map95": 0.9138687211606786, "map50": 0.9722208514793637, "class": "all"}]}}