{"Loss/Train":2.9138453397257575,"Metrics/Base/AP50":0.9571780172727222,"Metrics/Base/AR50_90":0.8807692307692309,"epoch":10,"_step":10,"_timestamp":1.7459467441135676e+09,"_runtime":864.018636566,"Metrics/Base/AP50_90":0.8914242796123228,"Metrics/EMA/AR50_90":0.917948717948718,"Metrics/EMA/AP50":0.9704741376594277,"Loss/Test":3.0409464836120605,"Metrics/EMA/AP50_90":0.9112203462660214,"_wandb":{"runtime":866}}