{"class_map": {"valid": [{"map95": 0.9198712309476366, "map50": 0.9772261789588523, "class": "all"}]}}