{"_step":24,"Metrics/Base/AP50_90":0.8617176752702985,"Metrics/EMA/AR50_90":0.9128205128205129,"Metrics/Base/AR50_90":0.8717948717948716,"epoch":24,"Metrics/EMA/AP50":0.9719546740640154,"Loss/Train":3.4324168747869033,"Loss/Test":3.7669331431388855,"_runtime":1039.015819691,"Metrics/Base/AP50":0.9713517959278489,"Metrics/EMA/AP50_90":0.9064287013476184,"_timestamp":1.745964558810695e+09,"_wandb":{"runtime":1040}}