{"Metrics/Base/AP50":0.9679314936417501,"Metrics/Base/AP50_90":0.8771128298017062,"_wandb":{"runtime":514},"Loss/Test":3.360304117202759,"_timestamp":1.7459452580089662e+09,"Loss/Train":3.4142074256107726,"epoch":14,"_runtime":512.989122262,"_step":14,"Metrics/Base/AR50_90":0.8897435897435898,"Metrics/EMA/AP50_90":0.9071908743505586,"Metrics/EMA/AR50_90":0.908974358974359,"Metrics/EMA/AP50":0.969055683763865}