{"class_map": {"valid": [{"map95": 0.908131058046382, "map50": 0.9700235573796614, "class": "all"}]}}