{"_timestamp":1.7459632165270529e+09,"epoch":21,"Metrics/EMA/AP50":0.9650232163684597,"Loss/Test":2.717722034454346,"_wandb":{"runtime":1689},"Metrics/Base/AP50":0.9726337578113933,"_runtime":1687.67595902,"Loss/Train":3.2123017412550907,"Metrics/Base/AP50_90":0.8603753317565037,"_step":21,"Metrics/EMA/AP50_90":0.9000177524786241,"Metrics/Base/AR50_90":0.8653846153846153,"Metrics/EMA/AR50_90":0.8974358974358976}